Metric,Value
RMSE,19431550820.649246
R² Score,0.9396825221373426
